SKU;PRODUCTO;VALOR;;;;;;
8000008197704;Alfombra Frise 1.6k Venecia 133x180 cm Puntitos;14.899;;;;;;
8000008197803;Alfombra Frise 1.6k Venecia 150x200 cm Espiga;18.361;;;;;;
8000008177782;Alfombra Frise 1.6k Venecia 50x90 cm Ravena;2.811;;;;;;
8000008197179;Alfombra Frise Boutique 133x190 cm Destello;21.261;;;;;;
8000008197247;Alfombra Frise Boutique 160x230 cm Aurora;28.571;;;;;;
8000008177348;Alfombra Frise Boutique 160x230 cm Chennai;28.571;;;;;;
8000008197230;Alfombra Frise Boutique 160x230 cm Destello;30.882;;;;;;
8000008197254;Alfombra Frise Boutique 160x230 cm Rejas;28.571;;;;;;
8000008197261;Alfombra Frise Boutique 160x230 cm Yoyo;28.571;;;;;;
8000008164911;Alfombra Frise Boutique 200x290 cm Aleli;42.941;;;;;;
8000008197308;Alfombra Frise Boutique 200x290 cm Aurora;42.941;;;;;;
8000008164942;Alfombra Frise Boutique 200x290 cm Baniano;42.941;;;;;;
8000008177379;Alfombra Frise Boutique 200x290 cm Bombay;42.941;;;;;;
8000008177409;Alfombra Frise Boutique 200x290 cm Chennai;42.941;;;;;;
8000008177386;Alfombra Frise Boutique 200x290 cm Delhi;42.941;;;;;;
8000008197292;Alfombra Frise Boutique 200x290 cm Destello;42.941;;;;;;
8000008197285;Alfombra Frise Boutique 200x290 cm Guirnalda;42.941;;;;;;
8000008177423;Alfombra Frise Boutique 200x290 cm Patna;42.941;;;;;;
8000008177416;Alfombra Frise Boutique 200x290 cm Pune;42.941;;;;;;
8000008197322;Alfombra Frise Boutique 200x290 cm Yoyo;42.941;;;;;;
8000008197933;Alfombra Frise Genova 133x190 cm Esmeralda;18.824;;;;;;
8000008197827;Alfombra Frise Genova 50x100 cm Lo Espejo;5.181;;;;;;
800000819819;Alfombra Frise Manhattan 3D 200x300 cm Alameda;52.101;;;;;;
800000819818;Alfombra Frise Manhattan 3D 200x300 cm Dumont;52.101;;;;;;
8000008140441;Alfombra Frisee Magritt 150x200 Herbal Brown;13.950;;;;;;
8000008150501;Alfombra Poliéster Eclipse 133x190 cm Nazeri;17.479;;;;;;
800000815062;Alfombra Poliéster Eclipse 200x290 cm Nazeri;40.042;;;;;;
8000008128470;Alfombra Poliéster Yagan 133x180 cm Rojo;24.202;;;;;;
800000812849;Alfombra Poliéster Yagan 150x220 cm Beige;33.319;;;;;;
800000812850;Alfombra Poliéster Yagan 150x220 cm Chocolate;33.319;;;;;;
800000815072;Alfombra Poly Soft 60x100 Mondrian;5.798;;;;;;
8000008136710;Alfombra Shaggy 1.8k Studio 150x200 Circles Burdeo;20.126;;;;;;
8000008197575;Alfombra Shaggy 1.8k Studio 150x200 cm Amanecer;15.008;;;;;;
8000008177720;Alfombra Shaggy 1.8k Studio 150x200 cm Ceuta;15.008;;;;;;
800000815406;Alfombra Shaggy 1.8k Studio 150x200 cm Circulos Verdes;15.008;;;;;;
8000008177683;Alfombra Shaggy 1.8k Studio 150x200 cm Lagos;15.008;;;;;;
8000008177676;Alfombra Shaggy 1.8k Studio 150x200 cm Luanda;15.008;;;;;;
8000008197520;Alfombra Shaggy 1.8k Studio 150x200 cm Meriadiano;15.008;;;;;;
800000819755;Alfombra Shaggy 1.8k Studio 150x200 cm Orbita;15.008;;;;;;
8000008197568;Alfombra Shaggy 1.8k Studio 150x200 cm Panal;15.008;;;;;;
8000008197544;Alfombra Shaggy 1.8k Studio 150x200 cm Puzzle;15.008;;;;;;
8000008197537;Alfombra Shaggy 1.8k Studio 150x200 cm Trama;15.008;;;;;;
8000008177744;Alfombra Shaggy 1.8k Studio 150x200 cm Tripoli;15.008;;;;;;
800000813674;Alfombra Shaggy 1.8k Studio 150x200 Grids Negro;20.126;;;;;;
800000813669;Alfombra Shaggy 1.8k Studio 150x200 Organic;20.126;;;;;;
8000008136758;Alfombra Shaggy 1.8k Studio 150x200 Simetry Red;20.126;;;;;;
800000815613;Alfombra Shaggy Roma 150x220 cm Circulos Rojo;20.126;;;;;;
800000811089;Alfombra Shaggy Roma 150x220 cm Fall Verde;20.126;;;;;;
800000815618;Alfombra Shaggy Roma 200x285 cm Circulos Rojo;20.126;;;;;;
800000802929;Alfombra Shaggy Style 2 160x230 cm Verde;34.286;;;;;;
800000822914;Almohada 144 Hilos 50x70 Blanca;2.185;;;;;;
8000008171582;Cortina Blackout Argolla 140X220 Selecta Indigo;8.992;;;;;;
8000008165536;Cortina Jacquard Argolla 140x220 Mandala Texturada Beige;11.790;;;;;;
8000008108199;Cortina Velo Lino Argolla Blanca;7.353;;;;;;
800000822910;Cubre colchón 1 Plazas Ajustable Blanco;4.286;;;;;;
800000822911;Cubre colchón 1.5 Plazas Ajustable Blanco;4.958;;;;;;
800000823313;Frazada Termica Noruega 1.5 Plazas Azul;6.395;;;;;;
800000823309;Frazada Termica Noruega 1.5 Plazas Beige;6.395;;;;;;
800000823311;Frazada Termica Noruega 1.5 Plazas Celeste;6.395;;;;;;
800000823314;Frazada Termica Noruega 2 Plazas Azul;8.067;;;;;;
800000823310;Frazada Termica Noruega 2 Plazas Beige;8.067;;;;;;
800000823312;Frazada Termica Noruega 2 Plazas Celeste;8.067;;;;;;
8000008202903;Manta Flannel Embossed Azul;5.462;;;;;;
8000008202910;Manta Flannel Embossed Beige;5.462;;;;;;
8000008202927;Manta Flannel Embossed Verde;5.462;;;;;;
8000008202934;Manta Flannel Embossed Burdeo;5.462;;;;;;
8000008202941;Manta Flannel Embossed Gris;5.462;;;;;;
8000008202958;Manta Flannel Embossed Celeste;5.462;;;;;;
8000008171865;Plumón 1.5 Plazas Mendoza Taupe;14.269;;;;;;
8000008171902;Plumón 1.5 Plazas Mendoza Ice;14.269;;;;;;
8000008171780;Plumón 1.5 Plazas Mendoza Rosado;14.269;;;;;;
8000008188924;Plumón 1.5 Plazas Microfibra Estampado Lineal;14.269;;;;;;
8000008188887;Plumón 1.5 Plazas Microfibra Estampado Zigzag;14.269;;;;;;
800000818912;Plumón 1.5 Plazas Microfibra Estampado Hojas;14.269;;;;;;
8000008189044;Plumón 1.5 Plazas Microfibra Estampado Rombos;14.269;;;;;;
8000008189016;Plumón 1.5 Plazas Microfibra Estampado Oval;14.269;;;;;;
8000008189167;Plumón 1.5 Plazas Microfibra Estampado Lirada;14.269;;;;;;
8000008171919;Plumón 2 Plazas Mendoza Ice;16.710;;;;;;
8000008171872;Plumón 2 Plazas Mendoza Taupe;16.710;;;;;;
8000008171797;Plumón 2 Plazas Mendoza Rosado;16.710;;;;;;
8000008188894;Plumón 2 Plazas Microfibra Estampado Zigzag;16.710;;;;;;
8000008188931;Plumón 2 Plazas Microfibra Estampado Lineal;16.710;;;;;;
8000008189051;Plumón 2 Plazas Microfibra Estampado Rombos;17.227;;;;;;
8000008189136;Plumón 2 Plazas Microfibra Estampado Hojas;17.227;;;;;;
800000818903;Plumón 2 Plazas Microfibra Estampado Oval;17.227;;;;;;
8000008189174;Plumón 2 Plazas Microfibra Estampado Lirada;17.227;;;;;;
8000008215088;Plumón Coral Sherpa 1.5 Plazas Rosa Palo;18.403;;;;;;
8000008215125;Plumón Coral Sherpa 1.5 Plazas Azul;18.403;;;;;;
8000008215163;Plumón Coral Sherpa 1.5 Plazas Beige;18.403;;;;;;
8000008215200;Plumón Coral Sherpa 1.5 Plazas Calipso;18.403;;;;;;
8000008215248;Plumón Coral Sherpa 1.5 Plazas Burdeo;18.403;;;;;;
8000008215286;Plumón Coral Sherpa 1.5 Plazas Gris;18.403;;;;;;
8000008215132;Plumón Coral Sherpa 2 Plazas Azul;23.109;;;;;;
8000008215095;Plumón Coral Sherpa 2 Plazas Rosa Palo;23.109;;;;;;
8000008215170;Plumón Coral Sherpa 2 Plazas Beige;23.109;;;;;;
8000008215217;Plumón Coral Sherpa 2 Plazas Calipso;23.109;;;;;;
8000008215255;Plumón Coral Sherpa 2 Plazas Burdeo;23.109;;;;;;
8000008215293;Plumón Coral Sherpa 2 Plazas Gris;23.109;;;;;;
8000008215262;Plumón Coral Sherpa King Burdeo;24.916;;;;;;
8000008215309;Plumón Coral Sherpa King Gris;24.916;;;;;;
8000008215149;Plumón Coral Sherpa King Azul;24.916;;;;;;
8000008215187;Plumón Coral Sherpa King Beige;24.916;;;;;;
8000008215101;Plumón Coral Sherpa King Rosa Palo;24.916;;;;;;
8000008171803;Plumón King Mendoza Rosado;19.244;;;;;;
8000008171926;Plumón King Mendoza Ice;19.244;;;;;;
8000008188948;Plumón King Microfibra Estampado Lineal;19.244;;;;;;
8000008188900;Plumón King Microfibra Estampado Zigzag;19.244;;;;;;
8000008215804;Plumón Sherpa/Sherpa 1.5 Plazas Coral-Gris;18.471;;;;;;
8000008215743;Plumón Sherpa/Sherpa 1.5 Plazas Petroleo-Mostaza;18.471;;;;;;
8000008215774;Plumón Sherpa/Sherpa 1.5 Plazas Negro-Gris;18.471;;;;;;
8000008215408;Plumón Coral Sherpa 2 Plazas Print Baysan;18.471;;;;;;
8000008215781;Plumón Sherpa/Sherpa 2 Plazas Negro-gris;21.555;;;;;;
8000008215750;Plumón Sherpa/Sherpa 2 Plazas Petroleo-Mostaza;21.555;;;;;;
8000008215811;Plumón Sherpa/Sherpa 2 Plazas Coral-Rosa;21.555;;;;;;
8000008215767;Plumón Sherpa/Sherpa King Petroleo-Mostaza;23.319;;;;;;
8000008215798;Plumón Sherpa/Sherpa King Negro-Gris;23.319;;;;;;
8000008215828;Plumón Sherpa/Sherpa King Coral-Rosa;23.319;;;;;;
8000008189716;Quilt 1.5 Plazas Bicolor Liso Celeste/Azul;7.983;;;;;;
8000008189686;Quilt 1.5 Plazas Bicolor Liso Amarillo/Turquesa;7.983;;;;;;
8000008189655;Quilt 1.5 Plazas Bicolor Liso Arena/Marengo;7.983;;;;;;
8000008189624;Quilt 1.5 Plazas Bicolor Liso Gris/Coral;7.983;;;;;;
800000818918;Quilt 1.5 Plazas Bicolor Liso Negro/Mostaza;7.983;;;;;;
8000008189747;Quilt 1.5 Plazas Bicolor Liso Gris/Rosado;7.983;;;;;;
8000008222772;Quilt 1.5 Plazas Cordoba Estampado Safari;7.983;;;;;;
8000008222802;Quilt 1.5 Plazas Cordoba Estampado Faces;7.983;;;;;;
8000008222772;Quilt 1.5 Plazas Cordoba Estampado Goose;4.370;;;;;;
8000008222802;Quilt 1.5 Plazas Cordoba Estampado Kailua;4.370;;;;;;
8000008222833;Quilt 1.5 Plazas Cordoba Estampado Mosa;4.370;;;;;;
8000008222864;Quilt 1.5 Plazas Cordoba Estampado Murray;4.370;;;;;;
8000008222895;Quilt 1.5 Plazas Cordoba Estampado Namoi;4.370;;;;;;
8000008189600;Quilt 1.5 Plazas Cordoba Liso Gris;7.227;;;;;;
8000008189501;Quilt 1.5 Plazas Cordoba Liso Celeste;7.227;;;;;;
8000008189563;Quilt 1.5 Plazas Cordoba Liso Lila;7.227;;;;;;
8000008189525;Quilt 1.5 Plazas Cordoba Liso Mostaza;7.227;;;;;;
8000008189587;Quilt 1.5 Plazas Cordoba Liso Rosado;7.227;;;;;;
8000008189549;Quilt 1.5 Plazas Cordoba Liso Turquesa;7.227;;;;;;
8000008168957;Quilt 1.5 Plazas Cordoba Liso Fucsia;7.227;;;;;;
8000008190194;Quilt 1.5 Plazas Cosido Angel;7.227;;;;;;
8000008190163;Quilt 1.5 Plazas Cosido Arrow;7.227;;;;;;
8000008190224;Quilt 1.5 Plazas Cosido Clouds;11.756;;;;;;
8000008190033;Quilt 1.5 Plazas Cosido Clouds Estampado Rodrigo;8.044;;;;;;
8000008190378;Quilt 1.5 Plazas Cosido Patchwork Aries;11.756;;;;;;
8000008190460;Quilt 1.5 Plazas Cosido Patchwork Geminis;11.756;;;;;;
8000008190347;Quilt 1.5 Plazas Cosido Patchwork Leo;11.756;;;;;;
8000008190408;Quilt 1.5 Plazas Cosido Patchwork Piscis;11.756;;;;;;
8000008190491;Quilt 1.5 Plazas Cosido Patchwork Virgo;11.756;;;;;;
8000008190286;Quilt 1.5 Plazas Cosido Trapecio;7.227;;;;;;
8000008223434;Quilt 1.5 Plazas Madrid Arena;3.588;;;;;;
8000008223496;Quilt 1.5 Plazas Microfibra Estampado Circle;5.529;;;;;;
8000008223557;Quilt 1.5 Plazas Microfibra Estampado Indo;5.529;;;;;;
8000008223649;Quilt 1.5 Plazas Microfibra Estampado Loa;5.529;;;;;;
8000008223465;Quilt 1.5 Plazas Microfibra Estampado Rodano;5.529;;;;;;
8000008223731;Quilt 1.5 Plazas Microfibra Estampado Solei;5.529;;;;;;
8000008224035;Quilt 1.5 Plazas Microfibra Gris-Amarillo;5.168;;;;;;
8000008223946;Quilt 1.5 Plazas Microfibra Terracota-Coral;5.147;;;;;;
8000008190040;Quilt 1.5 Plazas Portugal Estampado Gardenia;8.008;;;;;;
8000008190071;Quilt 1.5 Plazas Portugal Estampado Ginger;8.008;;;;;;
8000008190101;Quilt 1.5 Plazas Portugal Estampado Lilium;8.008;;;;;;
8000008189662;Quilt 2 Plazas Bicolor Liso Arena/Marengo;8.067;;;;;;
8000008189693;Quilt 2 Plazas Bicolor Liso Amarillo/Turquesa;8.067;;;;;;
8000008189723;Quilt 2 Plazas Bicolor Liso Celeste/Azul;8.067;;;;;;
8000008189631;Quilt 2 Plazas Bicolor Liso Gris/Coral;8.067;;;;;;
800000818919;Quilt 2 Plazas Bicolor Liso Negro/Mostaza;8.067;;;;;;
8000008189754;Quilt 2 Plazas Bicolor Liso Gris/Rosado;8.067;;;;;;
8000008189457;Quilt 2 Plazas Cordoba Estampado Safari;8.067;;;;;;
8000008189396;Quilt 2 Plazas Cordoba Estampado Faces;8.067;;;;;;
8000008222819;Quilt 2 Plazas Cordoba Estampado Kailua;5.353;;;;;;
8000008222840;Quilt 2 Plazas Cordoba Estampado Mosa;5.353;;;;;;
8000008222871;Quilt 2 Plazas Cordoba Estampado Murray;5.353;;;;;;
8000008222901;Quilt 2 Plazas Cordoba Estampado Namoi;5.353;;;;;;
8000008189518;Quilt 2 Plazas Cordoba Liso Celeste;8.067;;;;;;
8000008189617;Quilt 2 Plazas Cordoba Liso Gris;8.067;;;;;;
8000008189570;Quilt 2 Plazas Cordoba Liso Lila;8.067;;;;;;
8000008189532;Quilt 2 Plazas Cordoba Liso Mostaza;8.067;;;;;;
8000008189594;Quilt 2 Plazas Cordoba Liso Rosado;8.067;;;;;;
8000008189556;Quilt 2 Plazas Cordoba Liso Turquesa;8.067;;;;;;
8000008168926;Quilt 2 Plazas Cordoba Liso Azul;8.067;;;;;;
8000008168940;Quilt 2 Plazas Cordoba Liso Coral;8.067;;;;;;
8000008190200;Quilt 2 Plazas Cosido Angel;14.521;;;;;;
8000008190170;Quilt 2 Plazas Cosido Arrow;14.521;;;;;;
8000008190231;Quilt 2 Plazas Cosido Clouds;14.521;;;;;;
8000008190385;Quilt 2 Plazas Cosido Patchwork Aries;14.521;;;;;;
8000008190477;Quilt 2 Plazas Cosido Patchwork Geminis;14.521;;;;;;
800000819035;Quilt 2 Plazas Cosido Patchwork Leo;14.521;;;;;;
8000008190415;Quilt 2 Plazas Cosido Patchwork Piscis;9.118;;;;;;
8000008190507;Quilt 2 Plazas Cosido Patchwork Virgo;14.529;;;;;;
8000008223502;Quilt 2 Plazas Microfibra Estampado Circle;6.983;;;;;;
8000008223564;Quilt 2 Plazas Microfibra Estampado Indo;6.983;;;;;;
800000822365;Quilt 2 Plazas Microfibra Estampado Loa;6.983;;;;;;
8000008223472;Quilt 2 Plazas Microfibra Estampado Rodano;6.983;;;;;;
800000822374;Quilt 2 Plazas Microfibra Estampado Solei;6.983;;;;;;
8000008224042;Quilt 2 Plazas Microfibra Gris-Amarillo;6.479;;;;;;
8000008223953;Quilt 2 Plazas Microfibra Terracota-Coral;6.479;;;;;;
8000008190088;Quilt 2 Plazas Portugal Estampado Ginger;8.672;;;;;;
8000008190118;Quilt 2 Plazas Portugal Estampado Lilium;8.672;;;;;;
8000008189709;Quilt King Plazas Bicolor Liso Amarillo/Turquesa;11.092;;;;;;
8000008189679;Quilt King Plazas Bicolor Liso Arena/Marengo;11.092;;;;;;
8000008189730;Quilt King Plazas Bicolor Liso Celeste/Azul;11.092;;;;;;
8000008189648;Quilt King Plazas Bicolor Liso Gris/Coral;11.092;;;;;;
800000816920;Quilt King Plazas Bicolor Liso Negro/Mostaza;11.092;;;;;;
8000008189761;Quilt King Plazas Bicolor Liso Gris/Rosado;11.092;;;;;;
8000008190217;Quilt King Plazas Cosido Angel;16.655;;;;;;
8000008190484;Quilt King Plazas Cosido Patchwork Geminis;16.655;;;;;;
800000819051;Quilt King Plazas Cosido Patchwork Virgo;16.655;;;;;;
8000008223519;Quilt King Plazas Microfibra Estampado Circle;7.941;;;;;;
8000008223663;Quilt King Plazas Microfibra Estampado Loa;7.941;;;;;;
8000008223489;Quilt King Plazas Microfibra Estampado Rodano;7.941;;;;;;
0;Quilt King Plazas Microfibra Estampado Solei;7.941;;;;;;
800000822404;Quilt King Plazas Microfibra Gris-Amarillo;7.462;;;;;;
800000822396;Quilt King Plazas Microfibra Terracota-Coral;7.462;;;;;;
8000008189204;Quilt Microfibra Estampado 1.5 Plazas Barraquitas;6.975;;;;;;
8000008189327;Quilt Microfibra Estampado 1.5 Plazas Luquillo;6.975;;;;;;
8000008189235;Quilt Microfibra Estampado 1.5 Plazas Cayey;6.975;;;;;;
8000008189297;Quilt Microfibra Estampado 1.5 Plazas Hatillo;6.975;;;;;;
8000008189266;Quilt Microfibra Estampado 1.5 Plazas Aguada;6.975;;;;;;
800000818933;Quilt Microfibra Estampado 2 Plazas Luquillo;7.815;;;;;;
8000008189211;Quilt Microfibra Estampado 2 Plazas Barraquitas;7.815;;;;;;
8000008189242;Quilt Microfibra Estampado 2 Plazas Cayey;7.815;;;;;;
8000008189303;Quilt Microfibra Estampado 2 Plazas Hatillo;7.815;;;;;;
8000008189273;Quilt Microfibra Estampado 2 Plazas Aguada;7.815;;;;;;
8000008189259;Quilt Microfibra Estampado King Cayey;10.000;;;;;;
8000008189228;Quilt Microfibra Estampado King Barraquitas;10.000;;;;;;
8000008189341;Quilt Microfibra Estampado King Luquillo;10.000;;;;;;
8000008189310;Quilt Microfibra Estampado King Hatillo;10.000;;;;;;
8000008189280;Quilt Microfibra Estampado King Aguada;10.000;;;;;;
8000008202361;Quilt Sherpa 1.5 Plazas Liso Azul;13.200;;;;;;
8000008202521;Quilt Sherpa 1.5 Plazas Liso Beige;13.200;;;;;;
8000008202408;Quilt Sherpa 1.5 Plazas Liso Burdeo;13.200;;;;;;
8000008202569;Quilt Sherpa 1.5 Plazas Liso Gris;13.200;;;;;;
8000008202446;Quilt Sherpa 1.5 Plazas Liso Naranjo;13.200;;;;;;
8000008202484;Quilt Sherpa 1.5 Plazas Liso Verde;13.200;;;;;;
8000008202378;Quilt Sherpa 2 Plazas Liso Azul;15.100;;;;;;
8000008202538;Quilt Sherpa 2 Plazas Liso Beige;15.100;;;;;;
800000820241;Quilt Sherpa 2 Plazas Liso Burdeo;15.100;;;;;;
8000008202576;Quilt Sherpa 2 Plazas Liso gris;15.100;;;;;;
8000008202453;Quilt Sherpa 2 Plazas Liso Naranjo;15.100;;;;;;
8000008202491;Quilt Sherpa 2 Plazas Liso Verde;15.100;;;;;;
8000008202385;Quilt Sherpa King Liso Azul;16.900;;;;;;
8000008202545;Quilt Sherpa King Liso Beige;16.900;;;;;;
8000008202422;Quilt Sherpa King Liso Burdeo;16.900;;;;;;
8000008202583;Quilt Sherpa King Liso Gris;16.900;;;;;;
800000820246;Quilt Sherpa King Liso Naranjo;16.900;;;;;;
8000008202507;Quilt Sherpa King Liso Verde;16.900;;;;;;
800000822913;Set 2 Almohadas Microfibra Rectas 50x70 cm Blanca;1.597;;;;;;
8000008180904;Set 2 Toallas Ares 460 grs Arena;6.111;;;;;;
800000818098;Set 2 Toallas Ares 460 grs Azul;6.111;;;;;;
8000008180898;Set 2 Toallas Ares 460 grs Blanco;6.111;;;;;;
8000008180966;Set 2 Toallas Ares 460 grs Coral;6.111;;;;;;
8000008180935;Set 2 Toallas Ares 460 grs Gris;6.111;;;;;;
8000008180928;Set 2 Toallas Ares 460 grs Lila;6.111;;;;;;
8000008180997;Set 2 Toallas Ares 460 grs Marengo;6.111;;;;;;
8000008180911;Set 2 Toallas Ares 460 grs Rosa;6.111;;;;;;
8000008180959;Set 2 Toallas Ares 460 grs Turquesa;6.111;;;;;;
8000008226893;Set 2 Toallas Egyptia 460 grs Coral;6.111;;;;;;
8000008015916;Set 2 Toallas Egyptia 460 grs Blanco;6.111;;;;;;
8000008226879;Set 2 Toallas Egyptia 460 grs Turquesa;6.111;;;;;;
8000008226855;Set 2 Toallas Egyptia 460 grs Marengo;6.111;;;;;;
8000008226909;Set 2 Toallas Egyptia 460 grs Amarillo;6.111;;;;;;
8000008226886;Set 2 Toallas Egyptia 460 grs Rosado;6.111;;;;;;
8000008226862;Set 2 Toallas Egyptia 460 grs Gris;6.111;;;;;;
8000008186715;Set 2 Toallas Elite 450 grs Blanco;6.111;;;;;;
8000008186760;Set 2 Toallas Elite 450 grs Calipso;6.111;;;;;;
8000008186739;Set 2 Toallas Elite 450 grs Celeste;6.111;;;;;;
8000008186722;Set 2 Toallas Elite 450 grs Crudo;6.111;;;;;;
8000008186746;Set 2 Toallas Elite 450 grs Lila;6.111;;;;;;
8000008186753;Set 2 Toallas Elite 450 grs Taupe;6.111;;;;;;
800000810805;Set Cortinas 11 Piezas Tubo Diana Denim;11.092;;;;;;
800000810810;Set Cortinas 11 Piezas Tubo Kate Denim;11.092;;;;;;
800000810815;Set Cortinas 11 Piezas Tubo Leticia Denim;11.092;;;;;;
800000810787;Set Cortinas 8 Piezas Argolla Leticia Mostaza;11.092;;;;;;
800000810821;Set Cortinas Velo Lino Argolla Beige;5.092;;;;;;
800000810820;Set Cortinas Velo Lino Presilla Beige;4.101;;;;;;
800000810818;Set Cortinas Velo Lino Presilla Blanca;4.101;;;;;;
800000818636;Sábana 1.5 Plazas 144 Hilos Azul;6.714;;;;;;
8000008172114;Sábana 1.5 Plazas 144 Hilos Bordada Line Azul;8.487;;;;;;
8000008196615;Sábana 1.5 Plazas 144 Hilos Bordada Line Beige;8.487;;;;;;
8000008172190;Sábana 1.5 Plazas 144 Hilos Bordada Line Gris;8.487;;;;;;
8000008172152;Sábana 1.5 Plazas 144 Hilos Bordada Line Rosado;8.487;;;;;;
8000008196318;Sábana 1.5 Plazas 144 Hilos Colores Lisos Verde;6.496;;;;;;
8000008224257;Sábana 1.5 Plazas 144 Hilos Estampada Bari;7.714;;;;;;
8000008224293;Sábana 1.5 Plazas 144 Hilos Estampada Catania;7.714;;;;;;
8000008224332;Sábana 1.5 Plazas 144 Hilos Estampada Ferrara;7.714;;;;;;
8000008224370;Sábana 1.5 Plazas 144 Hilos Estampada Parma;7.714;;;;;;
8000008224455;Sábana 1.5 Plazas 144 Hilos Estampada Trento;7.714;;;;;;
8000008195106;Sábana 1.5 Plazas 144 Hilos Estampado Azafran;6.714;;;;;;
8000008195199;Sábana 1.5 Plazas 144 Hilos Estampado Curcuma;6.714;;;;;;
8000008195229;Sábana 1.5 Plazas 144 Hilos Estampado Ginger;6.714;;;;;;
8000008195250;Sábana 1.5 Plazas 144 Hilos Estampado Paprika;6.714;;;;;;
8000008174712;Sábana 1.5 Plazas 144 Hilos Gris;6.714;;;;;;
8000008174811;Sábana 1.5 Plazas 180 Hilos Crudo;7.555;;;;;;
8000008195670;Sábana 1.5 Plazas 180 Hilos Estampado Daisy;7.555;;;;;;
8000008195755;Sábana 1.5 Plazas 180 Hilos Estampado Lily;7.555;;;;;;
8000008174866;Sábana 1.5 Plazas 180 Hilos Gris;7.555;;;;;;
800000819534;Sábana 1.5 Plazas Broderie Bricks Crudo;6.588;;;;;;
8000008195311;Sábana 1.5 Plazas Broderie Bricks Rosado;8.395;;;;;;
8000008195434;Sábana 1.5 Plazas Broderie Bricks Verde;8.395;;;;;;
8000008105860;Sábana 1.5 Plazas Microfibra Luna Roller Time;9.269;;;;;;
8000008186371;Sábana 2 Plazas 144 Hilos Azul;10.924;;;;;;
8000008172121;Sábana 2 Plazas 144 Hilos Bordada Line Azul;10.924;;;;;;
8000008172206;Sábana 2 Plazas 144 Hilos Bordada Line Gris;10.924;;;;;;
8000008172169;Sábana 2 Plazas 144 Hilos Bordada Line Rosado;10.924;;;;;;
8000008196660;Sábana 2 Plazas 144 Hilos Bordada Line Terracota;10.924;;;;;;
8000008196585;Sábana 2 Plazas 144 Hilos Bordada Line Verde;10.924;;;;;;
8000008195356;Sábana 2 Plazas 144 Hilos Colores Lisos Mostaza;10.924;;;;;;
8000008224264;Sábana 2 Plazas 144 Hilos Estampada Bari;10.924;;;;;;
8000008224301;Sábana 2 Plazas 144 Hilos Estampada Catania;10.924;;;;;;
8000008224349;Sábana 2 Plazas 144 Hilos Estampada Ferrara;10.924;;;;;;
8000008224387;Sábana 2 Plazas 144 Hilos Estampada Parma;10.924;;;;;;
8000008224462;Sábana 2 Plazas 144 Hilos Estampada Trento;10.924;;;;;;
8000008195113;Sábana 2 Plazas 144 Hilos Estampado Azafrán;10.924;;;;;;
8000008195205;Sábana 2 Plazas 144 Hilos Estampado Curcuma;10.924;;;;;;
8000008195236;Sábana 2 Plazas 144 Hilos Estampado Ginger;10.924;;;;;;
8000008195267;Sábana 2 Plazas 144 Hilos Estampado Paprika;10.924;;;;;;
8000008188702;Sábana 2 Plazas 144 Hilos Estampado Sidón;10.924;;;;;;
8000008174729;Sábana 2 Plazas 144 Hilos Gris;10.924;;;;;;
8000008186494;Sábana 2 Plazas 180 Hilos Bordada Celeste;12.185;;;;;;
8000008186531;Sábana 2 Plazas 180 Hilos Bordada Coral;12.185;;;;;;
8000008174828;Sábana 2 Plazas 180 Hilos Crudo;12.185;;;;;;
8000008195687;Sábana 2 Plazas 180 Hilos Estampado Daisy;12.185;;;;;;
8000008211714;Sábana 2 Plazas 180 Hilos Estampado Paradise;12.185;;;;;;
8000008195762;Sábana 2 Plazas 180 Hilos Estampado Liliy;12.185;;;;;;
8000008188504;Sábana 2 Plazas 180 Hilos Estampado Tebas;12.185;;;;;;
8000008174873;Sábana 2 Plazas 180 Hilos Gris;12.185;;;;;;
8000008195328;Sábana 2 Plazas Broderie Bricks Rosado Angel;12.185;;;;;;
8000008195441;Sábana 2 Plazas Broderie Bricks Verde;12.185;;;;;;
8000008186388;Sábana King 144 Hilos Azul;13.437;;;;;;
800000819542;Sábana King 144 Hilos Broderie Bricks Amarillo;13.437;;;;;;
800000819632;Sábana King 144 Hilos Colores Lisos Verde;13.437;;;;;;
8000008224271;Sábana King 144 Hilos Estampada Bari;13.437;;;;;;
8000008224318;Sábana King 144 Hilos Estampada Catania;13.437;;;;;;
8000008224356;Sábana King 144 Hilos Estampada Ferrara;13.437;;;;;;
8000008224431;Sábana King 144 Hilos Estampada Ravena;13.437;;;;;;
8000008224479;Sábana King 144 Hilos Estampada Trento;13.437;;;;;;
8000008195120;Sábana King 144 Hilos Estampado Azafrán;10.076;;;;;;
8000008195212;Sábana King 144 Hilos Estampado Curcuma;10.076;;;;;;
8000008195243;Sábana King 144 Hilos Estampado Ginger;10.076;;;;;;
8000008195274;Sábana King 144 Hilos Estampado Paprika;10.076;;;;;;
8000008188719;Sábana King 144 Hilos Estampado Sidón;10.076;;;;;;
8000008174736;Sábana King 144 Hilos Gris;7.005;;;;;;
8000008174835;Sábana King 180 Hilos Crudo;8.067;;;;;;
8000008195694;Sábana King 180 Hilos Estampado Daisy;13.437;;;;;;
8000008195779;Sábana King 180 Hilos Estampado Lily;13.437;;;;;;
8000008174880;Sábana King 180 Hilos Gris;13.437;;;;;;
8000008172138;Sábana King Plazas 144 Hilos Bordada Line Azul;12.353;;;;;;
8000008196639;Sábana King Plazas 144 Hilos Bordada Line Beige;12.353;;;;;;
8000008172213;Sábana King Plazas 144 Hilos Bordada Line Gris;12.353;;;;;;
8000008172176;Sábana King Plazas 144 Hilos Bordada Line Rosado;12.353;;;;;;
8000008196677;Sábana King Plazas 144 Hilos Bordada Line Terracota;12.353;;;;;;
8000008196592;Sábana King Plazas 144 Hilos Bordada Line Verde;12.353;;;;;;
800000819539;Sábana King Plazas Broderie Bricks Celeste spa;9.756;;;;;;
8000008195335;Sábana King Plazas Broderie Bricks Rosado Angel;11.756;;;;;;
8000008195458;Sábana King Plazas Broderie Bricks Verde;11.756;;;;;;
8000008216160;Sábana Polar Estampada 1.5 Plazas Boston;6.933;;;;;;
8000008216252;Sábana Polar Estampada 1.5 Plazas Orleans;6.933;;;;;;
8000008216221;Sábana Polar Estampada 1.5 Plazas Tulsa;6.933;;;;;;
8000008216191;Sábana Polar Estampada 1.5 Plazas Wishita;6.933;;;;;;
8000008216177;Sábana Polar Estampada 2 Plazas Boston;8.319;;;;;;
8000008216269;Sábana Polar Estampada 2 Plazas Orleans;8.319;;;;;;
8000008216238;Sábana Polar Estampada 2 Plazas Tulsa;8.319;;;;;;
8000008216207;Sábana Polar Estampada 2 Plazas Wishita;8.319;;;;;;
8000008216184;Sábana Polar Estampada King Boston;9.244;;;;;;
8000008216214;Sábana Polar Estampada King Wishita;9.244;;;;;;
8000008196332;Sábana Super King 144 Hilos Colores Lisos Verde;14.941;;;;;;
800000818816;Toalla Playa 70x140 Perezoso;2.429;;;;;;
2082003970915;Baúl Infantil Ludo;28.245;;;;;;
8000001272007;Closet 2 Puertas Corredera;124.500;;;;;;
8000001316409;Closet 2 Puertas Corredera;124.500;;;;;;
1657659144653;Closet 3 Puertas 2 Cajones;90.381;;;;;;
2082004740289;Closet 3 Puertas 2 Cajones;74.286;;;;;;
8304487172708;Closet 4 Puertas 2 Cajones;104.667;;;;;;
2082004550611;Cómoda 4 Cajones;46.500;;;;;;
8000001316407;Cómoda 5 Cajones;51.500;;;;;;
2082004550598;Cómoda 6 Cajones;69.900;;;;;;
2082004511124;Cómoda Misuri 3 Cajones;35.900;;;;;;
2082004551847;Cómoda Misuri 3 Cajones;35.900;;;;;;
2082004511148;Cómoda Misuri 6 Cajones;66.900;;;;;;
2082004551861;Cómoda Misuri 6 Cajones;66.900;;;;;;
2082004550659;Escritorio 2 Cajones c/ Llave;41.900;;;;;;
2082003940567;Escritorio 2 Cajones c/ Llave;41.900;;;;;;
2189939461083;Escritorio Bilbao Carvalo;48.500;;;;;;
2082003955301;Escritorio Básico;26.571;;;;;;
2082004364126;Escritorio Granada;49.500;;;;;;
2082003940581;Escritorio Misuri;33.238;;;;;;
2082004550550;Escritorio PC Urbano;53.900;;;;;;
2082004434805;Escritorio Toledo;44.900;;;;;;
2082002530660;Estante 5 Niveles;36.900;;;;;;
2082004550697;Estante 5 Niveles;36.900;;;;;;
2082004740241;Estante 5 Niveles;36.900;;;;;;
2082004550437;Estante 5 Niveles con Puertas;42.900;;;;;;
2082004740265;Estante 5 Niveles con Puertas;42.900;;;;;;
2082003940543;Estante 5 Niveles con Puertas;42.900;;;;;;
2082003940550;Estante Bremen Simple;25.600;;;;;;
2082003750144;Estante Modular Bremen;53.238;;;;;;
2082003770553;Gabinete Base 40;23.900;;;;;;
2082003770591;Gabinete Base Cajonera Acacia;33.900;;;;;;
2082003770621;Gabinete Base Despensa;58.900;;;;;;
2082003770614;Gabinete Base Lavaplatos 100;31.100;;;;;;
6715175950727;Gabinete Base Lavaplatos 100;34.900;;;;;;
9095536403120;Gabinete Base Lavaplatos 100;33.900;;;;;;
3579488758731;Gabinete Base Lavaplatos 120;37.900;;;;;;
3579488758732;Gabinete Base Lavaplatos 120;40.500;;;;;;
7442595090046;Gabinete Base Lavaplatos 120;46.500;;;;;;
2082003770607;Gabinete Base Lavaplatos 80;27.900;;;;;;
2398119167911;Gabinete Base Lavaplatos 80;29.900;;;;;;
2398119167912;Gabinete Base Lavaplatos 80;31.900;;;;;;
3196986386565;Gabinete Compacto 110;75.143;;;;;;
3196986386566;Gabinete Compacto 110;81.810;;;;;;
6539339803760;Gabinete Compacto 120;82.762;;;;;;
9493673747642;Gabinete Compacto 90;61.810;;;;;;
9493673747643;Gabinete Compacto 90;71.333;;;;;;
2082003478152;Gabinete Compacto Aconcagua;150.381;;;;;;
9195251274326;Gabinete Compacto Lonquimay 120;133.333;;;;;;
2082004546300;Gabinete Despensero Maxi;51.990;;;;;;
2082004546301;Gabinete Despensero Maxi;57.800;;;;;;
2485089498965;Gabinete Mural 40;17.200;;;;;;
2082003770652;Gabinete Mural 80;28.900;;;;;;
2082003770676;Gabinete Mural Campana;14.900;;;;;;
2082002185372;Gabinete Mural Microondas;16.500;;;;;;
2082003770645;Gabinete Mural Vidriado 40;22.100;;;;;;
2082003770669;Gabinete Mural Vidriado 80;37.900;;;;;;
2082004550574;Librero Domino;36.500;;;;;;
2082003685475;Librero Domino;36.500;;;;;;
2082004550536;Librero Puzzle;46.900;;;;;;
3123025511512;Organizador Infantil;57.225;;;;;;
2082003730182;Rack Bar Kazan;49.245;;;;;;
2082004550475;Rack TV Nantes;32.445;;;;;;
2082004550499;Rack TV Navarra;51.345;;;;;;
2082003685482;Rack TV Praga;41.900;;;;;;
2082004511087;Velador Misuri;17.900;;;;;;
2082004511101;Velador Misuri 2 Cajones;25.900;;;;;;
2082004511100;Velador Misuri 2 Cajones;25.900;;;;;;
8000010120015;Buffet Línea Vintage;88.308;;;;;;
3363011332922;Cajonera Bolonia 1 Cajón 2 Kardex;25.000;;;;;;
9130033776835;Cajonera Bolonia 1 Cajón 2 Kardex;25.000;;;;;;
9886911183623;Cajonera Bolonia 1 Cajón 2 Kardex;25.000;;;;;;
7834104878879;Cajonera Bolonia 1 Cajón 2 Kardex;25.000;;;;;;
4049378482936;Cajonera Bolonia 1 Cajón 2 Kardex;25.000;;;;;;
1647767907994;Cajonera Bolonia 3 Cajones 1 Kardex;25.000;;;;;;
4772060806139;Cajonera Bolonia 3 Cajones 1 Kardex;25.000;;;;;;
9007192558031;Cajonera Bolonia 3 Cajones 1 Kardex;25.000;;;;;;
8492918534158;Cajonera Bolonia 3 Cajones 1 Kardex;25.000;;;;;;
5036444927103;Cajonera Bolonia 3 Cajones 1 Kardex;25.000;;;;;;
3758219020802;Cajonera Bolonia 3 Cajones 1 Kardex;25.000;;;;;;
8000010070025;Cajonera Erika;57.953;;;;;;
8000010070030;Cajonera Erika;57.953;;;;;;
8000010070050;Cajonera Línea Vintage;46.707;;;;;;
7757752347059;Cajonera Retorno Móvil;45.000;;;;;;
3616290977994;Cajonera Retorno Móvil;45.000;;;;;;
7649226399992;Cajonera Retorno Móvil;45.000;;;;;;
5840948683937;Cajonera Retorno Móvil;45.000;;;;;;
2324034586278;Cajonera Retorno Móvil;45.000;;;;;;
7979000514223;Cajonera Retorno Móvil;45.000;;;;;;
8000010110110;Cama Metal 1 Plaza;15.000;;;;;;
8000010140009;Closet 120x50x180 2 Puertas 2 Cajones Cerezo;130.000;;;;;;
8000010140020;Closet 120x50x180 2 Puertas 2 Cajones Jerez;130.000;;;;;;
8000010140022;Closet 60x50x180 1 Puerta Jerez;64.000;;;;;;
8000010140021;Closet 80x50x180 2 Puertas 2 Cajones Jerez;100.000;;;;;;
8000010120014;Comedor Vintage;123.308;;;;;;
80000010030020;Disco de Asado 45cm;13.900;;;;;;
8000010030015;Disco de Asado 55cm;16.900;;;;;;
8000010040004;Escala Tijera 2 Peldaños;18.178;;;;;;
8000010040005;Escala Tijera 3 Peldaños;21.611;;;;;;
8000010040006;Escala Tijera 4 Peldaños;24.220;;;;;;
8000010040007;Escala Tijera 5 Peldaños;29.583;;;;;;
8000010040008;Escala Tijera 6 Peldaños;31.990;;;;;;
211212121215;Escritorio 150cm Medio Punto;50.000;;;;;;
8000010070040;Escritorio Arrimo;53.000;;;;;;
8000010070032;Escritorio Base Corchete 150;173.458;;;;;;
6808278133629;Escritorio Ferrara Tipo L 120cm;35.000;;;;;;
6808278133630;Escritorio Ferrara Tipo L 120cm;35.000;;;;;;
6808278133631;Escritorio Ferrara Tipo L 120cm;35.000;;;;;;
6808278133632;Escritorio Ferrara Tipo L 120cm;35.000;;;;;;
6808278133633;Escritorio Ferrara Tipo L 120cm;35.000;;;;;;
6808278133634;Escritorio Ferrara Tipo L 120cm;35.000;;;;;;
6808278133635;Escritorio Ferrara Tipo L 120cm;35.000;;;;;;
6808278133636;Escritorio Ferrara Tipo L 120cm;35.000;;;;;;
9239504864477;Escritorio Ferrara Tipo L 150 cm;45.000;;;;;;
9239504864478;Escritorio Ferrara Tipo L 150 cm;45.000;;;;;;
9239504864479;Escritorio Ferrara Tipo L 150 cm;45.000;;;;;;
9239504864480;Escritorio Ferrara Tipo L 150 cm;45.000;;;;;;
9239504864481;Escritorio Ferrara Tipo L 150 cm;45.000;;;;;;
9239504864482;Escritorio Ferrara Tipo L 150 cm;45.000;;;;;;
9239504864483;Escritorio Ferrara Tipo L 150 cm;45.000;;;;;;
9239504864484;Escritorio Ferrara Tipo L 150 cm;45.000;;;;;;
5579954575039;Escritorio Ferrara Tipo L 180cm;50.000;;;;;;
5579954575040;Escritorio Ferrara Tipo L 180cm;50.000;;;;;;
5579954575041;Escritorio Ferrara Tipo L 180cm;50.000;;;;;;
5579954575042;Escritorio Ferrara Tipo L 180cm;50.000;;;;;;
5579954575043;Escritorio Ferrara Tipo L 180cm;50.000;;;;;;
5579954575044;Escritorio Ferrara Tipo L 180cm;50.000;;;;;;
5579954575045;Escritorio Ferrara Tipo L 180cm;50.000;;;;;;
5579954575046;Escritorio Ferrara Tipo L 180cm;50.000;;;;;;
1067120736731;Escritorio Froli 170cm;40.000;;;;;;
9537675456139;Escritorio Kit Imola;50.000;;;;;;
4127798735595;Escritorio Kit Imola;50.000;;;;;;
7615399002577;Escritorio Kit Imola;50.000;;;;;;
3397124943924;Escritorio Kit Imola;50.000;;;;;;
8614388411670;Escritorio Kit Imola;50.000;;;;;;
6576618470077;Escritorio Kit Imola;50.000;;;;;;
5654055834853;Escritorio Linea SI 120cm;35.000;;;;;;
6680903258026;Escritorio Linea SI 120cm;35.000;;;;;;
2130468028689;Escritorio Linea SI 120cm;35.000;;;;;;
6194823480608;Escritorio Linea SI 150cm;40.000;;;;;;
8238200808755;Escritorio Linea SI 150cm;40.000;;;;;;
8278360486663;Escritorio Linea SI 180cm;45.000;;;;;;
6677939153897;Escritorio Linea SI 180cm;45.000;;;;;;
9326476276404;Escritorio Linea SI 180cm;45.000;;;;;;
6276449864520;Escritorio Linea SI 90cm;30.000;;;;;;
6313487128203;Escritorio Linea SI 90cm;30.000;;;;;;
8924767975422;Escritorio Linea SI 90cm;30.000;;;;;;
5526648703414;Escritorio Ontranto 180cm;50.000;;;;;;
9490983301348;Escritorio Thor con Llave;59.000;;;;;;
8000010070037;Escritorio Tobi Jerez;60.000;;;;;;
8000010070039;Escritorio Torre;58.000;;;;;;
8000010070040;Escritorio Torre;58.000;;;;;;
8000010070038;Escritorio Venus;45.000;;;;;;
8000010070060;Escritorio Vintage;47.128;;;;;;
8000010070034;Escritorio Worki;35.824;;;;;;
8000010070033;Escritorio Worki;35.824;;;;;;
8000010070041;Estación de Trabajo 120;35.126;;;;;;
8000010070042;Estación de Trabajo 120;35.126;;;;;;
8000010070022;Estación de Trabajo 150 Jerez;65.000;;;;;;
8000010070021;Estación de Trabajo 150 Jerez;65.000;;;;;;
8000010070012;Estación de Trabajo 150 Provenzal;60.500;;;;;;
8000010070013;Estación de Trabajo 150 Provenzal;60.500;;;;;;
8000010100053;Estante 4 Repisas Vintage Jerez;81.896;;;;;;
8000010100007;Estante 5 Niveles Con Puertas y Cerradura;53.000;;;;;;
8000010100045;Estante 5 Repisas;53.000;;;;;;
8000010100032;Estante 50 Vintage Jerez;104.405;;;;;;
9486283488311;Estante Terminal 165;20.000;;;;;;
9486283488312;Estante Terminal 165;20.000;;;;;;
1220226829771;Estante Terminal 75;20.000;;;;;;
2379608717116;Estante Turin;30.000;;;;;;
2379608717117;Estante Turin;30.000;;;;;;
0;Estante Turín Con 2 Puertas;30.000;;;;;;
8000010100027;Estante Worki;34.385;;;;;;
8000010100025;Estante Worki;34.385;;;;;;
8000010050054;Funda Mesa Ping Pong Frontón;17.854;;;;;;
8000010050012;Funda Mesa Ping Pong Profesional / Junior;15.820;;;;;;
8000010100023;Gabinete Base 2 Puertas;83.000;;;;;;
8000010100030;Gabinete Base 2 Puertas;63.000;;;;;;
8000010050018;Kit de Bisagras Mesa Ping Pong;13.549;;;;;;
8000010120005;Kit Lavaplatos 100;66.000;;;;;;
8000010120004;Kit Lavaplatos 100;66.000;;;;;;
8000010120003;Kit Lavaplatos 120;94.000;;;;;;
8000010120007;Kit Lavaplatos 120;94.000;;;;;;
8000010120002;Kit Lavaplatos 80;60.000;;;;;;
8000010120006;Kit Lavaplatos 80;60.000;;;;;;
8000010010005;Mesa Arrimo Línea Vintage;59.000;;;;;;
8000010090016;Mesa Auxiliar Plegable;13.839;;;;;;
8000010090027;Mesa Auxiliar Plegable;13.839;;;;;;
8000010090015;Mesa Auxiliar Plegable;13.839;;;;;;
8000010090002;Mesa Casino Armable 120;51.782;;;;;;
8000010090008;Mesa Casino Armable 150;65.926;;;;;;
8000010090058;Mesa Casino Armable 180;68.852;;;;;;
8000010090006;Mesa Casino Armable 76;44.203;;;;;;
8000010050021;Mesa de Ping Pong Frontón Plus;132.267;;;;;;
8000010050022;Mesa de Ping Pong Junior;143.043;;;;;;
8000010050011;Mesa de Ping Pong Match;80.000;;;;;;
8000010050002;Mesa de Ping Pong Optima;151.970;;;;;;
8000010050026;Mesa de Ping Pong Profesional;148.476;;;;;;
8000010010010;Mesa Nido;10.000;;;;;;
8000010090013;Mesa Plegable 83 Cuadrada;30.668;;;;;;
8000010090012;Mesa Plegable 83 Cuadrada;30.668;;;;;;
8000010090026;Mesa Plegable 83 Cuadrada;30.668;;;;;;
8000010010025;Mesa Plegable Cama Multimesa;27.000;;;;;;
8000010010008;Mesa Plegable Cama Multimesa;27.000;;;;;;
8000010010029;Mesa Plegable Cama Multimesa;27.000;;;;;;
8000010090022;Mesa Plegable Eventos 150;59.000;;;;;;
8000010090009;Mesa Plegable Redonda;30.620;;;;;;
80000010090011;Mesa Plegable Tetrix 90cm;25.000;;;;;;
9774026410396;Mesa Reunion;45.000;;;;;;
8000010100036;Mesa Reunión 110;81.000;;;;;;
800000010030010;Parrilla 1/2 Tambor XL;44.530;;;;;;
800000010030008;Parrilla Fogata Paseo;20.300;;;;;;
800000010030004;Parrilla Fogón Extra;37.307;;;;;;
8000010040002;Piso Escala Titán;23.966;;;;;;
8000010040010;Piso Escala Titán;23.966;;;;;;
8000010040020;Piso Escala Titán;23.966;;;;;;
8000010040021;Piso Escala Titán;23.966;;;;;;
8000010040011;Piso Titán;10.667;;;;;;
8000010080008;Rack TV Línea Vintage;79.137;;;;;;
8000010050020;Red c/ Soportes Repuesto Mesa Ping Pong;7.845;;;;;;
8000010100005;Repisa Bicicletero;8.533;;;;;;
8000010100040;Repisa Blanca C/Soporte Azul;6.271;;;;;;
8000010050019;Set de Ruedas Ping Pong Junior / Frontón;7.466;;;;;;
8000010050029;Set de Ruedas Ping Pong Profesional;7.466;;;;;;
8000010130053;Taburete Back;27.241;;;;;;
8000010130049;Taburete Back;27.241;;;;;;
8000010150009;Taca Taca Junior;115.000;;;;;;
8000010150002;Taca Taca Plywood;201.000;;;;;;
8000010150006;Taca Taca Standard;145.000;;;;;;
1000093774658;Silla De Ruedas Estándar Manual Plegable Con Frenos;42.017;;;;;;
1560713559072;Mesa Plegable 152 Cm Tipo Maletin Blanca;12.605;;;;;;
1655702661050;Comedor Berna, 4 Sillas.;75.630;;;;;;
2043883856903;Bicicleta Apolo 21 Cambios, Acero, Aro 26 , Marco Mtb.;84.874;;;;;;
2043883856904;Bicicleta Apolo 21 Cambios, Acero, Aro 26 , Marco Mtb.;84.874;;;;;;
2043883856906;Bicicleta Apolo 21 Cambios, Acero, Aro 26 , Marco Mtb.;84.874;;;;;;
2166645323184;Bicicleta Hermes Doble Suspensión Frenos Disco 21 Cambios;121.008;;;;;;
2166645323186;Bicicleta Hermes Doble Suspensión Frenos Disco 21 Cambios;121.008;;;;;;
2166645323187;Bicicleta Hermes Doble Suspensión Frenos Disco 21 Cambios;121.008;;;;;;
2166645323188;Bicicleta Hermes Doble Suspensión Frenos Disco 21 Cambios;121.008;;;;;;
2175483575860;Cuatrimoto Atv Cuatro Ruedas Apv-r 125cc;504.202;;;;;;
2175483575862;Cuatrimoto Atv Cuatro Ruedas Apv-r 125cc;504.202;;;;;;
2175483575869;Cuatrimoto Atv Cuatro Ruedas Apv-r 125cc;504.202;;;;;;
2454877290701;Silla Plegable Fold Negra;5.042;;;;;;
3658163331584;Banca Abdominal;16.807;;;;;;
3796975560089;Comedor Baden, 4 Sillas;67.227;;;;;;
3968597611832;Bicicleta Apolo 21 Cambios, Acero, Aro 26 , Marco Mtb.;84.874;;;;;;
4441790164551;Andador Plegable Altura Ajustable;13.445;;;;;;
5682605238917;Bicicleta Mountain Demeter Aro 29 Eurobike Marco Aluminio;117.647;;;;;;
5904734219789;Bicicleta Paseo Mujer Aro 26 Urbana;81.513;;;;;;
7045457846835;Bicicleta Estática Estacionaria De Ejercicio Volante 4,5kg;50.420;;;;;;
7260800051777;Toldo Plegable 3x3 Antioxidable Impermeable Envío Gratis;20.168;;;;;;
7539742231477;Máquina De Remo Plegable;42.017;;;;;;
7807992743549;Kit Taladro Percutor Bauker 900w 13mm 3000rpm+57 Accesorios;25.210;;;;;;
9162942758192;Bicicleta Mountain Demeter Aro 29 Eurobike Marco Aluminio;117.647;;;;;;
9626613525476;Bicicleta Urbana 3 Cambios Shimano Nexus Talla M Aro 28;126.050;;;;;;
9626613525477;Bicicleta Urbana 3 Cambios Shimano Nexus Talla M Aro 28;126.050;;;;;;
MAQ-REM-02;Máquina De Remo 8 Niveles Remadora Magnética 8 Velocidades;75.630;;;;;;
1100111016831;Piso Ducha;8.000;;;;;;
40736466174088;Gabinete Mural 40;17.200;;;;;;
40736483541128;Gabinete Base 80 Con 2 Puertas;63.000;;;;;;
40925921476744;Kit Lavaplatos 120;94.000;;;;;;
40966918930568;Funda Mesa Ping Pong Agm Profesional / Junior;15.820;;;;;;
40966923780232;Funda Mesa Ping Pong Frontón Marca Agm;17.854;;;;;;
6953439855114;Silla Plegable Flash, Negro.;9.000;;;;;;
7094464758256;Mesa Restaurante Cuadrada 70 X 70 Cm Cubierta 24 Mm;62.000;;;;;;
8000000819048;Quilt King Plazas Cosido Patchwork Geminis;16.655;;;;;;
800000817472;Sábana 2 Plazas 144 Hilos Marca Mashini;10.924;;;;;;
800000818671;Set 2 Toallas Elite 450 Grs Marca Mashini Color Blanco;6.111;;;;;;
800000818672;Set 2 Toallas Elite 450 Grs Marca Mashini Color Crudo;6.111;;;;;;
800000818672;Set 2 Toallas Elite 450 Grs Marca Mashini;6.111;;;;;;
800000818674;Set 2 Toallas Elite 450 Grs Marca Mashini;6.111;;;;;;
800000818675;Set 2 Toallas Elite 450 Grs Marca Mashini;6.111;;;;;;
800000819522;Sábana 1.5 Plazas 144 Hilos Estampado Marca Mashini;6.588;;;;;;
800000819531;Sábana 1.5 Plazas Broderie Bricks Marca Mashini;8.395;;;;;;
800000819543;Sábana 1.5 Plazas Broderie Bricks Marca Mashini;8.395;;;;;;
800000819633;Sábanas Super King Arredo Algodón Peinado Lisas Color Verde Claro Diseño De La Tela Liso;14.941;;;;;;
800000819729;Alfombra Frise Boutique 200x290 Cm Destello;42.941;;;;;;
800000821508;Plumón Coral Sherpa 1.5 Plazas;18.403;;;;;;
800000821521;Plumón Coral Sherpa 2 Plazas;23.109;;;;;;
800000821529;Plumón Coral Sherpa 2 Plazas;23.109;;;;;;
800000822366;Quilt King Plazas Microfibra Estampado Loa;7.941;;;;;;
8820179549573;Mesa Plegable Redonda 1mt 100cm Blanca;30.620;;;;;;
9456525325073;Bicicleta Paseo Mujer Aro 24 Urbana;81.512;;;;;;
RC409004G;Contenedor De Basura 660 Litros;110.000;;;;;;
5904734219789;Bicicleta Paseo Mujer Aro 26 Urbana;81.512;;;;;;
9999999999901;Juego Kinder 1 Mesa Y 4 Sillas Colores Niños Infantil;50.000;;;;;;
9999999999902;Mesa De Ping Pong Agm Profesional Fabricada En Mdf Color Azul;148.476;;;;;;
3112752496660;Meson De Acero Central 180cm;100.000;;;;;;
568965895689;Pack 5 Ruedas Universal de Escritorio;1.000;;;;;;
33221423232354;Bicicleta Artemisa Shimano Nexus Olivo;100000;;;;;;
5604415080388;Silla Portabebés Groovy Aro 29;38900;;;;;;
4457798326383;Banca Abdominal Ajustable;16807;;;;;;
80000100700252;Cajonera Erika Móvil Dakar;57953;;;;;;
9557829855670;Bicicleta Ares Negro Urbana;68000;;;;;;
800010070071;Estación de Trabajo 120 Color Peral Derecho;40435;;;;;;
8000008254599;Sábana Sherpa Lisa 1.5 Plazas Terra;8421;;;;;;
9557829855671;Bicicleta Ares Rojo Urbana;68000;;;;;;
2135413541;Mesa Plegable Cama Multimesa Lino;27000;;;;;;
800010130012;Piso Apilable Blanco Agm;4340;;;;;;
8000008190262;Quilt 2 Plazas Cosido Oliva;14251;;;;;;
8000008242992;Quilt 2 Plazas Cosido MF Lab;11529;;;;;;
8765214598325;Silla Iso polipropileno Visita Negro;19501;;;;;;
800010130034;Piso Tipo Bar Blanco Agm;14653;;;;;;
800010130011;Piso Apilable Negro Agm;4340;;;;;;
800010130015;Piso Apilable Amarillo Agm;4340;;;;;;
6797884908824;Silla Ejecutiva Ecocuero Color Negro;44600;;;;;;
7000000000055;Piso Laboratorio Formalita Blanco;12000;;;;;;
7000000000004;Bastón de Apoyo T Plegable Aluminio Ultra Ligero;1000;;;;;;
800010100034;Gabinete Mural Color Dakar;36809;;;;;;
1007005021254;Mesa Auxiliar Plegable Color Jerez Negro;14853;;;;;;
8251545230318;Bicicleta Hefesto Negro Urbana;74000;;;;;;
8000008190255;Quilt 15 Plazas Cosido Oliva;7.227;;;;;;
8000008230623;Sábana Polar Estampada 1.5 Plazas Verde;6933;;;;;;
5604415094149;Casco Niña Hoggy XXS;12900;;;;;;
800010100073;Gabinete Puertas Corredera Peral;102833;;;;;;
800010070078;Kardex Atri 3 Cajones Peral;117455;;;;;;
800010070075;Cajonera Erika Móvil Peral;55709;;;;;;
800010100099;Biblioteca Puertas Corredera Peral;155839;;;;;;
8741685441215;Kit Lavaplatos 100cm Derecho Chocolate;62900;;;;;;
8000008162412;Sábana 1.5 Plazas Microfibra Trolls;9269;;;;;;
654988641245;Juego de Kinder  1 Mesa + 4 Sillas;50000;;;;;;
8000010070073;Puños Con Fijación Rojo;79769;;;;;;
;Receptáculo Metacrilato 100x70x5cm;70372;;;;;;
;Receptáculo Metacrilato 130x70x5cm;78651;;;;;;
;Receptáculo Metacrilato 90x70x5cm;64792;;;;;;
2082004550659;Escritorio 2 Cajones c/ Llave - Nogal;41900;;;;;;
;Puños Con Fijación Rojo;2350;;;;;;
2865933402310;Silla ISO Polipropileno - Rojo;19501;;;;;;
1560206953975;Taburete ISO Polipropileno - Rojo;37000;;;;;;
8000010070042;Estación de Trabajo 120 Dakar - Izquierdo;39828;;;;;;
8000010070072;Estación de Trabajo 120cm Peral - Izquierdo;40435;;;;;;
800010130243;Banqueta ISO Polipropileno Pata Luna - 2 / Negro;66754;;;;;;
800010130244;Banqueta ISO Polipropileno Pata Luna - 3 / Negro;89370;;;;;;
800010070072;Estación de Trabajo 120cm Peral - Izquierdo;40435;;;;;;
8000010070041;Estación de Trabajo 120 Dakar - Derecho;39828;;;;;;
;Sábana Sherpa Lisa 2 Plazas Terra;10000;;;;;;
;Sábana Sherpa Lisa 2 Plazas Verde;10000;;;;;;
8251545230310;Bicicleta Hefesto Urbana Rojo;74000;;;;;;
9991158131231;Bicicleta Hestia 21 Cambios Aluminio Negro;;;;;;;
;Gabinete 180x80x45 Peral;50.000;;;;;;
2082005010305;Organizador Infantil 6 Espacios Carvalo;57.225;;;;;;
8000010130027;Silla Casino Adulto Zincada;18.000;;;;;;
;Campana Decorativa 60 cm;84.189;;;;;;
;Escritorio Venecia 120cm Nogal;;;;;;;
800010130016;Piso Apilable Gris;4340;;;;;;
;;;;;;;;
;;;;;;;;
;;;;;;;;
